drop database schemadesign;
create database schemadesign;
use schemadesign;
Create table company(id int unique, typeinsurance varchar(255),emp_id int,emp_name varchar(255));
Create table Dependant(id int unique, dependant_id int,dependant_dob date,relation_name varchar(255),relation_id int);
Create table GHI(id int unique,emp_id int,dependant_id int,topup_amount int);
Create table Employee(id int unique, typeinsurance varchar(255),emp_id int,emp_name varchar(255));
Create table GPAP(id int unique, nominee_name varchar(255),nominee_id int);
Create table Nominee(id int unique, nominee_name varchar(255),nominee_relation varchar(255),nominee_dob date);
Create table Cycle(id int unique, start_year date unique,end_year date unique,provider_id int,provider_name varchar(255),topup_status varchar(255));
Create table provider(id int unique,provider_name varchar(255));
Create table topup(id int unique, topup_amount int,topup_status int,deduction_amount int,cycle_id int);
insert into company values(1,"Both",1,"joy");
insert into company values(2,"GHI",2,"rup");
insert into company values(3,"Both",3,"toy");
insert into Dependant values(1,1,'1990-02-06',"mother",1);
insert into Dependant values(2,2,'1991-02-06',"father",2);
insert into Dependant values(3,3,'1992-02-06',"aunt",3);
insert into GHI values(1,1,1,20000);
insert into GHI values(2,2,2,30000);
insert into GHI values(3,3,3,40000);
drop table Employee;
create table Employee(emp_id int,emp_name varchar(255),phno int,dob date,blood_group varchar(255),marital_status varchar(255),gender varchar(255),designation_id int);
insert into Employee values(1,"joy",91002,'2001-10-19',"o-","unmarried","female",1);
insert into Employee values(2,"rup",91003,'2000-09-21',"o+","married","male",2);
insert into Employee values(3,"toy",91004,'2002-11-24',"o+","unmarried","male",3);
insert into GPAP values(1,"lilly",1);
insert into GPAP values(2,"dolly",2);
insert into GPAP values(3,"lally",3);
insert into Nominee values(1,"lilly","daughter",'2005-12-13');
insert into Nominee values(2,"dolly","daughter",'2002-10-13');
insert into Nominee values(3,"lally","daughter",'2003-11-13');
insert into provider values(1,"bank");
insert into provider values(2,"comapany");
insert into provider values(3,"bank");
insert into topup values(1,20000,"done",8000,1);
insert into topup values(2,30000,"pending",9000,2);
insert into topup values(3,35000,"done",10000,3);
drop table Cycle;
drop table topup;
Create table Cycle(id int, start_year int unique,end_year int unique,provider_id int,provider_name varchar(255),topup_status varchar(255));
Create table topup(id int, topup_amount int,topup_status varchar(255),deduction_amount int,cycle_id int);
insert into Cycle values(1,1995,1996,1,"bank","done");
insert into Cycle values(2,1996,1997,2,"company","pending");
insert into Cycle values(3,1997,1998,3,"bank","done");
insert into topup values(1,20000,"done",8000,1);
insert into topup values(2,30000,"pending",9000,2);
insert into topup values(3,35000,"done",10000,3);
select * from Cycle;